Date,Open,High,Low,Close,Volume,Adj Close
2016-09-13,24.73,24.73,24.73,24.73,000,24.73
2016-09-12,24.76,24.76,24.76,24.76,000,24.76
2016-09-09,24.74,24.74,24.74,24.74,000,24.74
2016-09-08,24.780001,24.780001,24.780001,24.780001,000,24.780001
2016-09-07,24.790001,24.790001,24.790001,24.790001,000,24.790001
2016-09-06,24.77,24.77,24.77,24.77,000,24.77
2016-09-02,24.719999,24.719999,24.719999,24.719999,000,24.719999
2016-09-01,24.709999,24.709999,24.709999,24.709999,000,24.709999
2016-08-31,24.719999,24.719999,24.719999,24.719999,000,24.719999
2016-08-30,24.74,24.74,24.74,24.74,000,24.74
2016-08-29,24.75,24.75,24.75,24.75,000,24.75
2016-08-26,24.73,24.73,24.73,24.73,000,24.73
2016-08-25,24.780001,24.780001,24.780001,24.780001,000,24.780001
2016-08-24,24.790001,24.790001,24.790001,24.790001,000,24.790001
2016-08-23,24.799999,24.799999,24.799999,24.799999,000,24.799999
2016-08-22,24.790001,24.790001,24.790001,24.790001,000,24.790001
2016-08-19,24.780001,24.780001,24.780001,24.780001,000,24.780001
2016-08-18,24.809999,24.809999,24.809999,24.809999,000,24.809999
2016-08-17,24.77,24.77,24.77,24.77,000,24.77
2016-08-16,24.74,24.74,24.74,24.74,000,24.74
2016-08-15,24.76,24.76,24.76,24.76,000,24.76
2016-08-12,24.77,24.77,24.77,24.77,000,24.77
2016-08-11,24.75,24.75,24.75,24.75,000,24.75
2016-08-10,24.77,24.77,24.77,24.77,000,24.77
2016-08-09,24.77,24.77,24.77,24.77,000,24.77
2016-08-08,24.76,24.76,24.76,24.76,000,24.76
2016-08-05,24.75,24.75,24.75,24.75,000,24.75
2016-08-04,24.799999,24.799999,24.799999,24.799999,000,24.799999
2016-08-03,24.76,24.76,24.76,24.76,000,24.76
2016-08-02,24.719999,24.719999,24.719999,24.719999,000,24.719999
2016-08-01,24.74,24.74,24.74,24.74,000,24.74
2016-07-29,24.790001,24.790001,24.790001,24.790001,000,24.790001
2016-07-28,24.77,24.77,24.77,24.77,000,24.77
2016-07-27,24.77,24.77,24.77,24.77,000,24.77
2016-07-26,24.75,24.75,24.75,24.75,000,24.75
2016-07-25,24.75,24.75,24.75,24.75,000,24.75
2016-07-22,24.77,24.77,24.77,24.77,000,24.77
2016-07-21,24.799999,24.799999,24.799999,24.799999,000,24.799999
2016-07-20,24.790001,24.790001,24.790001,24.790001,000,24.790001
2016-07-19,24.799999,24.799999,24.799999,24.799999,000,24.799999
2016-07-18,24.809999,24.809999,24.809999,24.809999,000,24.809999
2016-07-15,24.809999,24.809999,24.809999,24.809999,000,24.809999
2016-07-14,24.83,24.83,24.83,24.83,000,24.83
2016-07-13,24.84,24.84,24.84,24.84,000,24.84
2016-07-12,24.83,24.83,24.83,24.83,000,24.83
2016-07-11,24.84,24.84,24.84,24.84,000,24.84
2016-07-08,24.860001,24.860001,24.860001,24.860001,000,24.860001
2016-07-07,24.870001,24.870001,24.870001,24.870001,000,24.870001
2016-07-06,24.889999,24.889999,24.889999,24.889999,000,24.889999
2016-07-05,24.870001,24.870001,24.870001,24.870001,000,24.870001
2016-07-01,24.860001,24.860001,24.860001,24.860001,000,24.860001
2016-06-30,24.83,24.83,24.83,24.83,000,24.83
2016-06-29,24.799999,24.799999,24.799999,24.799999,000,24.799999
2016-06-28,24.790001,24.790001,24.790001,24.790001,000,24.790001
2016-06-27,24.77,24.77,24.77,24.77,000,24.77
2016-06-24,24.76,24.76,24.76,24.76,000,24.76
2016-06-23,24.73,24.73,24.73,24.73,000,24.73
2016-06-22,24.719999,24.719999,24.719999,24.719999,000,24.719999
2016-06-21,24.700001,24.700001,24.700001,24.700001,000,24.700001
2016-06-20,24.74,24.74,24.74,24.74,000,24.74
2016-06-17,24.74,24.74,24.74,24.74,000,24.74
2016-06-16,24.76,24.76,24.76,24.76,000,24.76
2016-06-15,24.780001,24.780001,24.780001,24.780001,000,24.780001
2016-06-14,24.74,24.74,24.74,24.74,000,24.74
2016-06-13,24.75,24.75,24.75,24.75,000,24.75
2016-06-10,24.75,24.75,24.75,24.75,000,24.75
2016-06-09,24.75,24.75,24.75,24.75,000,24.75
2016-06-08,24.75,24.75,24.75,24.75,000,24.75
2016-06-07,24.73,24.73,24.73,24.73,000,24.73
2016-06-06,24.700001,24.700001,24.700001,24.700001,000,24.700001
2016-06-03,24.68,24.68,24.68,24.68,000,24.68
2016-06-02,24.610001,24.610001,24.610001,24.610001,000,24.610001
2016-06-01,24.58,24.58,24.58,24.58,000,24.58
2016-05-31,24.59,24.59,24.59,24.59,000,24.59
2016-05-27,24.57,24.57,24.57,24.57,000,24.57
2016-05-26,24.610001,24.610001,24.610001,24.610001,000,24.610001
2016-05-25,24.58,24.58,24.58,24.58,000,24.58
2016-05-24,24.57,24.57,24.57,24.57,000,24.57
2016-05-23,24.58,24.58,24.58,24.58,000,24.58
2016-05-20,24.58,24.58,24.58,24.58,000,24.58
2016-05-18,24.58,24.58,24.58,24.58,000,24.58
2016-05-17,24.65,24.65,24.65,24.65,000,24.65
2016-05-16,24.639999,24.639999,24.639999,24.639999,000,24.639999
2016-05-13,24.639999,24.639999,24.639999,24.639999,000,24.639999
2016-05-12,24.639999,24.639999,24.639999,24.639999,000,24.639999
2016-05-11,24.65,24.65,24.65,24.65,000,24.65
2016-05-10,24.639999,24.639999,24.639999,24.639999,000,24.639999
2016-05-09,24.620001,24.620001,24.620001,24.620001,000,24.620001
2016-05-06,24.610001,24.610001,24.610001,24.610001,000,24.610001
2016-05-05,24.629999,24.629999,24.629999,24.629999,000,24.629999
2016-05-04,24.610001,24.610001,24.610001,24.610001,000,24.610001
2016-05-03,24.610001,24.610001,24.610001,24.610001,000,24.610001
2016-05-02,24.59,24.59,24.59,24.59,000,24.59
2016-04-29,24.610001,24.610001,24.610001,24.610001,000,24.610001
2016-04-28,24.629999,24.629999,24.629999,24.629999,000,24.629999
2016-04-27,24.58,24.58,24.58,24.58,000,24.58
2016-04-26,24.540001,24.540001,24.540001,24.540001,000,24.540001
2016-04-25,24.540001,24.540001,24.540001,24.540001,000,24.540001
2016-04-22,24.549999,24.549999,24.549999,24.549999,000,24.549999
2016-04-21,24.549999,24.549999,24.549999,24.549999,000,24.549999
2016-04-20,24.549999,24.549999,24.549999,24.549999,000,24.549999
2016-04-19,24.559999,24.559999,24.559999,24.559999,000,24.559999
2016-04-18,24.549999,24.549999,24.549999,24.549999,000,24.549999
2016-04-15,24.559999,24.559999,24.559999,24.559999,000,24.559999
2016-04-14,24.549999,24.549999,24.549999,24.549999,000,24.549999
2016-04-13,24.58,24.58,24.58,24.58,000,24.58
2016-04-12,24.58,24.58,24.58,24.58,000,24.58
2016-04-11,24.60,24.60,24.60,24.60,000,24.60
2016-04-08,24.610001,24.610001,24.610001,24.610001,000,24.610001
2016-04-07,24.610001,24.610001,24.610001,24.610001,000,24.610001
2016-04-06,24.59,24.59,24.59,24.59,000,24.59
2016-04-05,24.60,24.60,24.60,24.60,000,24.60
2016-04-04,24.610001,24.610001,24.610001,24.610001,000,24.610001
2016-04-01,24.60,24.60,24.60,24.60,000,24.60
2016-03-31,24.620001,24.620001,24.620001,24.620001,000,24.620001
2016-03-30,24.610001,24.610001,24.610001,24.610001,000,24.610001
2016-03-29,24.57,24.57,24.57,24.57,000,24.57
2016-03-28,24.48,24.48,24.48,24.48,000,24.48
2016-03-24,24.469999,24.469999,24.469999,24.469999,000,24.469999
2016-03-23,24.49,24.49,24.49,24.49,000,24.49
2016-03-22,24.50,24.50,24.50,24.50,000,24.50
2016-03-21,24.52,24.52,24.52,24.52,000,24.52
2016-03-18,24.52,24.52,24.52,24.52,000,24.52
2016-03-17,24.49,24.49,24.49,24.49,000,24.49
2016-03-16,24.469999,24.469999,24.469999,24.469999,000,24.469999
2016-03-15,24.33,24.33,24.33,24.33,000,24.33
2016-03-14,24.35,24.35,24.35,24.35,000,24.35
2016-03-11,24.360001,24.360001,24.360001,24.360001,000,24.360001
2016-03-10,24.360001,24.360001,24.360001,24.360001,000,24.360001
2016-03-09,24.40,24.40,24.40,24.40,000,24.40
2016-03-08,24.389999,24.389999,24.389999,24.389999,000,24.389999
2016-03-07,24.360001,24.360001,24.360001,24.360001,000,24.360001
2016-03-04,24.370001,24.370001,24.370001,24.370001,000,24.370001
2016-03-03,24.379999,24.379999,24.379999,24.379999,000,24.379999
2016-03-02,24.370001,24.370001,24.370001,24.370001,000,24.370001
2016-03-01,24.360001,24.360001,24.360001,24.360001,000,24.360001
2016-02-29,24.370001,24.370001,24.370001,24.370001,000,24.370001
2016-02-26,24.35,24.35,24.35,24.35,000,24.35
2016-02-25,24.370001,24.370001,24.370001,24.370001,000,24.370001
2016-02-24,24.33,24.33,24.33,24.33,000,24.33
2016-02-23,24.299999,24.299999,24.299999,24.299999,000,24.299999
2016-02-22,24.27,24.27,24.27,24.27,000,24.27
2016-02-19,24.26,24.26,24.26,24.26,000,24.26
2016-02-18,24.24,24.24,24.24,24.24,000,24.24
2016-02-17,24.23,24.23,24.23,24.23,000,24.23
2016-02-16,24.23,24.23,24.23,24.23,000,24.23
2016-02-12,24.26,24.26,24.26,24.26,000,24.26
2016-02-11,24.24,24.24,24.24,24.24,000,24.24
2016-02-10,24.24,24.24,24.24,24.24,000,24.24
2016-02-09,24.219999,24.219999,24.219999,24.219999,000,24.219999
2016-02-08,24.25,24.25,24.25,24.25,000,24.25
2016-02-05,24.280001,24.280001,24.280001,24.280001,000,24.280001
2016-02-04,24.309999,24.309999,24.309999,24.309999,000,24.309999
2016-02-03,24.309999,24.309999,24.309999,24.309999,000,24.309999
2016-02-02,24.299999,24.299999,24.299999,24.299999,000,24.299999
2016-02-01,24.290001,24.290001,24.290001,24.290001,000,24.290001
2016-01-29,24.32,24.32,24.32,24.32,000,24.32
2016-01-28,24.290001,24.290001,24.290001,24.290001,000,24.290001
2016-01-27,24.27,24.27,24.27,24.27,000,24.27
2016-01-26,24.24,24.24,24.24,24.24,000,24.24
2016-01-25,24.23,24.23,24.23,24.23,000,24.23
2016-01-22,24.219999,24.219999,24.219999,24.219999,000,24.219999
2016-01-21,24.209999,24.209999,24.209999,24.209999,000,24.209999
2016-01-20,24.219999,24.219999,24.219999,24.219999,000,24.219999
2016-01-19,24.219999,24.219999,24.219999,24.219999,000,24.219999
2016-01-15,24.219999,24.219999,24.219999,24.219999,000,24.219999
2016-01-14,24.24,24.24,24.24,24.24,000,24.24
2016-01-13,24.219999,24.219999,24.219999,24.219999,000,24.219999
2016-01-12,24.209999,24.209999,24.209999,24.209999,000,24.209999
2016-01-11,24.209999,24.209999,24.209999,24.209999,000,24.209999
2016-01-08,24.24,24.24,24.24,24.24,000,24.24
2016-01-07,24.219999,24.219999,24.219999,24.219999,000,24.219999
2016-01-06,24.209999,24.209999,24.209999,24.209999,000,24.209999
2016-01-05,24.209999,24.209999,24.209999,24.209999,000,24.209999
2016-01-04,24.209999,24.209999,24.209999,24.209999,000,24.209999
2015-12-31,24.18,24.18,24.18,24.18,000,24.18
2015-12-30,24.15,24.15,24.15,24.15,000,24.15
2015-12-29,24.139999,24.139999,24.139999,24.139999,000,24.139999
2015-12-28,24.16,24.16,24.16,24.16,000,24.16
2015-12-24,24.17,24.17,24.17,24.17,000,24.17
2015-12-23,24.16,24.16,24.16,24.16,000,24.16
2015-12-22,24.139999,24.139999,24.139999,24.139999,000,24.139999
2015-12-21,24.15,24.15,24.15,24.15,000,24.15
2015-12-18,24.16,24.16,24.16,24.16,000,24.16
2015-12-17,24.139999,24.139999,24.139999,24.139999,000,24.139999
2015-12-16,24.110001,24.110001,24.110001,24.110001,000,24.110001
2015-12-15,24.15,24.15,24.15,24.15,000,24.15
2015-12-14,24.139999,24.139999,24.139999,24.139999,000,24.139999
2015-12-11,24.190001,24.190001,24.190001,24.190001,000,24.190001
2015-12-10,24.16,24.16,24.16,24.16,000,24.16
2015-12-09,24.190001,24.190001,24.190001,24.190001,000,24.190001
2015-12-08,24.200001,24.200001,24.200001,24.200001,000,24.200001
2015-12-07,24.200001,24.200001,24.200001,24.200001,000,24.200001
2015-12-04,24.219999,24.219999,24.219999,24.219999,000,24.219999
2015-12-03,24.219999,24.219999,24.219999,24.219999,000,24.219999
2015-12-02,24.24,24.24,24.24,24.24,000,24.24
2015-12-01,24.27,24.27,24.27,24.27,000,24.27
2015-11-30,24.24,24.24,24.24,24.24,000,24.24
2015-11-27,24.25,24.25,24.25,24.25,000,24.25
2015-11-25,24.25,24.25,24.25,24.25,000,24.25
2015-11-24,24.25,24.25,24.25,24.25,000,24.25
2015-11-23,24.23,24.23,24.23,24.23,000,24.23
2015-11-20,24.23,24.23,24.23,24.23,000,24.23
2015-11-19,24.219999,24.219999,24.219999,24.219999,000,24.219999
2015-11-18,24.200001,24.200001,24.200001,24.200001,000,24.200001
2015-11-17,24.200001,24.200001,24.200001,24.200001,000,24.200001
2015-11-16,24.190001,24.190001,24.190001,24.190001,000,24.190001
2015-11-13,24.190001,24.190001,24.190001,24.190001,000,24.190001
2015-11-12,24.190001,24.190001,24.190001,24.190001,000,24.190001
2015-11-11,24.200001,24.200001,24.200001,24.200001,000,24.200001
2015-11-10,24.200001,24.200001,24.200001,24.200001,000,24.200001
2015-11-09,24.200001,24.200001,24.200001,24.200001,000,24.200001
2015-11-06,24.200001,24.200001,24.200001,24.200001,000,24.200001
2015-11-05,24.23,24.23,24.23,24.23,000,24.23
2015-11-04,24.25,24.25,24.25,24.25,000,24.25
2015-11-03,24.290001,24.290001,24.290001,24.290001,000,24.290001
2015-11-02,24.27,24.27,24.27,24.27,000,24.27
2015-10-30,24.280001,24.280001,24.280001,24.280001,000,24.280001
2015-10-29,24.27,24.27,24.27,24.27,000,24.27
2015-10-28,24.27,24.27,24.27,24.27,000,24.27
2015-10-27,24.32,24.32,24.32,24.32,000,24.32
2015-10-26,24.309999,24.309999,24.309999,24.309999,000,24.309999
2015-10-23,24.32,24.32,24.32,24.32,000,24.32
2015-10-22,24.33,24.33,24.33,24.33,000,24.33
2015-10-21,24.309999,24.309999,24.309999,24.309999,000,24.309999
2015-10-20,24.309999,24.309999,24.309999,24.309999,000,24.309999
2015-10-19,24.32,24.32,24.32,24.32,000,24.32
2015-10-16,24.34,24.34,24.34,24.34,000,24.34
2015-10-15,24.34,24.34,24.34,24.34,000,24.34
2015-10-14,24.360001,24.360001,24.360001,24.360001,000,24.360001
2015-10-13,24.34,24.34,24.34,24.34,000,24.34
2015-10-12,24.360001,24.360001,24.360001,24.360001,000,24.360001
2015-10-09,24.35,24.35,24.35,24.35,000,24.35
2015-10-08,24.379999,24.379999,24.379999,24.379999,000,24.379999
2015-10-07,24.370001,24.370001,24.370001,24.370001,000,24.370001
2015-10-06,24.379999,24.379999,24.379999,24.379999,000,24.379999
2015-10-05,24.35,24.35,24.35,24.35,000,24.35
2015-10-02,24.360001,24.360001,24.360001,24.360001,000,24.360001
2015-10-01,24.309999,24.309999,24.309999,24.309999,000,24.309999
2015-09-30,24.280001,24.280001,24.280001,24.280001,000,24.280001
2015-09-29,24.24,24.24,24.24,24.24,000,24.24
2015-09-28,24.209999,24.209999,24.209999,24.209999,000,24.209999
2015-09-25,24.23,24.23,24.23,24.23,000,24.23
2015-09-24,24.26,24.26,24.26,24.26,000,24.26
2015-09-23,24.27,24.27,24.27,24.27,000,24.27
2015-09-22,24.280001,24.280001,24.280001,24.280001,000,24.280001
2015-09-21,24.26,24.26,24.26,24.26,000,24.26
2015-09-18,24.290001,24.290001,24.290001,24.290001,000,24.290001
2015-09-17,24.299999,24.299999,24.299999,24.299999,000,24.299999
2015-09-16,24.219999,24.219999,24.219999,24.219999,000,24.219999
2015-09-15,24.200001,24.200001,24.200001,24.200001,000,24.200001
2015-09-14,24.25,24.25,24.25,24.25,000,24.25
2015-09-11,24.26,24.26,24.26,24.26,000,24.26
2015-09-10,24.25,24.25,24.25,24.25,000,24.25
2015-09-09,24.23,24.23,24.23,24.23,000,24.23
2015-09-08,24.219999,24.219999,24.219999,24.219999,000,24.219999
2015-09-04,24.24,24.24,24.24,24.24,000,24.24
2015-09-03,24.26,24.26,24.26,24.26,000,24.26
2015-09-02,24.25,24.25,24.25,24.25,000,24.25
2015-09-01,24.27,24.27,24.27,24.27,000,24.27
2015-08-31,24.280001,24.280001,24.280001,24.280001,000,24.280001
2015-08-28,24.26,24.26,24.26,24.26,000,24.26
2015-08-27,24.25,24.25,24.25,24.25,000,24.25
2015-08-26,24.190001,24.190001,24.190001,24.190001,000,24.190001
2015-08-25,24.23,24.23,24.23,24.23,000,24.23
2015-08-24,24.23,24.23,24.23,24.23,000,24.23
2015-08-21,24.23,24.23,24.23,24.23,000,24.23
2015-08-20,24.23,24.23,24.23,24.23,000,24.23
2015-08-19,24.23,24.23,24.23,24.23,000,24.23
2015-08-18,24.23,24.23,24.23,24.23,000,24.23
2015-08-17,24.24,24.24,24.24,24.24,000,24.24
2015-08-14,24.24,24.24,24.24,24.24,000,24.24
2015-08-13,24.26,24.26,24.26,24.26,000,24.26
2015-08-12,24.299999,24.299999,24.299999,24.299999,000,24.299999
2015-08-11,24.309999,24.309999,24.309999,24.309999,000,24.309999
2015-08-10,24.290001,24.290001,24.290001,24.290001,000,24.290001
2015-08-07,24.26,24.26,24.26,24.26,000,24.26
2015-08-06,24.27,24.27,24.27,24.27,000,24.27
2015-08-05,24.26,24.26,24.26,24.26,000,24.26
2015-08-04,24.280001,24.280001,24.280001,24.280001,000,24.280001
2015-08-03,24.33,24.33,24.33,24.33,000,24.33
2015-07-31,24.360001,24.360001,24.360001,24.360001,000,24.360001
2015-07-30,24.35,24.35,24.35,24.35,000,24.35
2015-07-29,24.35,24.35,24.35,24.35,000,24.35
2015-07-28,24.34,24.34,24.34,24.34,000,24.34
2015-07-27,24.35,24.35,24.35,24.35,000,24.35
2015-07-24,24.34,24.34,24.34,24.34,000,24.34
2015-07-23,24.360001,24.360001,24.360001,24.360001,000,24.360001
2015-07-22,24.360001,24.360001,24.360001,24.360001,000,24.360001
2015-07-21,24.379999,24.379999,24.379999,24.379999,000,24.379999
2015-07-20,24.35,24.35,24.35,24.35,000,24.35
2015-07-17,24.370001,24.370001,24.370001,24.370001,000,24.370001
2015-07-16,24.379999,24.379999,24.379999,24.379999,000,24.379999
2015-07-15,24.40,24.40,24.40,24.40,000,24.40
2015-07-14,24.389999,24.389999,24.389999,24.389999,000,24.389999
2015-07-13,24.370001,24.370001,24.370001,24.370001,000,24.370001
2015-07-10,24.40,24.40,24.40,24.40,000,24.40
2015-07-09,24.43,24.43,24.43,24.43,000,24.43
2015-07-08,24.450001,24.450001,24.450001,24.450001,000,24.450001
2015-07-07,24.440001,24.440001,24.440001,24.440001,000,24.440001
2015-07-06,24.440001,24.440001,24.440001,24.440001,000,24.440001
2015-07-02,24.440001,24.440001,24.440001,24.440001,000,24.440001
2015-07-01,24.40,24.40,24.40,24.40,000,24.40
2015-06-30,24.42,24.42,24.42,24.42,000,24.42
2015-06-29,24.43,24.43,24.43,24.43,000,24.43
2015-06-26,24.389999,24.389999,24.389999,24.389999,000,24.389999
2015-06-25,24.40,24.40,24.40,24.40,000,24.40
2015-06-24,24.42,24.42,24.42,24.42,000,24.42
2015-06-23,24.41,24.41,24.41,24.41,000,24.41
2015-06-22,24.41,24.41,24.41,24.41,000,24.41
2015-06-19,24.440001,24.440001,24.440001,24.440001,000,24.440001
2015-06-18,24.450001,24.450001,24.450001,24.450001,000,24.450001
2015-06-17,24.459999,24.459999,24.459999,24.459999,000,24.459999
2015-06-16,24.43,24.43,24.43,24.43,000,24.43
2015-06-15,24.379999,24.379999,24.379999,24.379999,000,24.379999
2015-06-12,24.370001,24.370001,24.370001,24.370001,000,24.370001
2015-06-11,24.370001,24.370001,24.370001,24.370001,000,24.370001
2015-06-10,24.35,24.35,24.35,24.35,000,24.35
2015-06-09,24.360001,24.360001,24.360001,24.360001,000,24.360001
2015-06-08,24.370001,24.370001,24.370001,24.370001,000,24.370001
2015-06-05,24.35,24.35,24.35,24.35,000,24.35
2015-06-04,24.360001,24.360001,24.360001,24.360001,000,24.360001
2015-06-03,24.360001,24.360001,24.360001,24.360001,000,24.360001
2015-06-02,24.40,24.40,24.40,24.40,000,24.40
2015-06-01,24.40,24.40,24.40,24.40,000,24.40
2015-05-29,24.42,24.42,24.42,24.42,000,24.42
2015-05-28,24.389999,24.389999,24.389999,24.389999,000,24.389999
2015-05-27,24.389999,24.389999,24.389999,24.389999,000,24.389999
2015-05-26,24.41,24.41,24.41,24.41,000,24.41
2015-05-22,24.42,24.42,24.42,24.42,000,24.42
2015-05-21,24.43,24.43,24.43,24.43,000,24.43
2015-05-20,24.41,24.41,24.41,24.41,000,24.41
2015-05-19,24.370001,24.370001,24.370001,24.370001,000,24.370001
2015-05-18,24.42,24.42,24.42,24.42,000,24.42
2015-05-15,24.440001,24.440001,24.440001,24.440001,000,24.440001
2015-05-14,24.43,24.43,24.43,24.43,000,24.43
2015-05-13,24.40,24.40,24.40,24.40,000,24.40
2015-05-12,24.379999,24.379999,24.379999,24.379999,000,24.379999
2015-05-11,24.360001,24.360001,24.360001,24.360001,000,24.360001
2015-05-08,24.41,24.41,24.41,24.41,000,24.41
2015-05-07,24.379999,24.379999,24.379999,24.379999,000,24.379999
2015-05-06,24.389999,24.389999,24.389999,24.389999,000,24.389999
2015-05-05,24.42,24.42,24.42,24.42,000,24.42
2015-05-04,24.42,24.42,24.42,24.42,000,24.42
2015-05-01,24.42,24.42,24.42,24.42,000,24.42
2015-04-30,24.459999,24.459999,24.459999,24.459999,000,24.459999
2015-04-29,24.450001,24.450001,24.450001,24.450001,000,24.450001
2015-04-28,24.450001,24.450001,24.450001,24.450001,000,24.450001
2015-04-27,24.49,24.49,24.49,24.49,000,24.49
2015-04-24,24.49,24.49,24.49,24.49,000,24.49
2015-04-23,24.469999,24.469999,24.469999,24.469999,000,24.469999
2015-04-22,24.43,24.43,24.43,24.43,000,24.43
2015-04-21,24.450001,24.450001,24.450001,24.450001,000,24.450001
2015-04-20,24.469999,24.469999,24.469999,24.469999,000,24.469999
2015-04-17,24.469999,24.469999,24.469999,24.469999,000,24.469999
2015-04-16,24.450001,24.450001,24.450001,24.450001,000,24.450001
2015-04-15,24.43,24.43,24.43,24.43,000,24.43
2015-04-14,24.379999,24.379999,24.379999,24.379999,000,24.379999
2015-04-13,24.360001,24.360001,24.360001,24.360001,000,24.360001
2015-04-10,24.33,24.33,24.33,24.33,000,24.33
2015-04-09,24.35,24.35,24.35,24.35,000,24.35
2015-04-08,24.370001,24.370001,24.370001,24.370001,000,24.370001
2015-04-07,24.40,24.40,24.40,24.40,000,24.40
2015-04-06,24.41,24.41,24.41,24.41,000,24.41
2015-04-02,24.33,24.33,24.33,24.33,000,24.33
2015-04-01,24.360001,24.360001,24.360001,24.360001,000,24.360001
2015-03-31,24.290001,24.290001,24.290001,24.290001,000,24.290001
2015-03-30,24.27,24.27,24.27,24.27,000,24.27
2015-03-27,24.280001,24.280001,24.280001,24.280001,000,24.280001
2015-03-26,24.299999,24.299999,24.299999,24.299999,000,24.299999
2015-03-25,24.299999,24.299999,24.299999,24.299999,000,24.299999
2015-03-24,24.290001,24.290001,24.290001,24.290001,000,24.290001
2015-03-23,24.25,24.25,24.25,24.25,000,24.25
2015-03-20,24.26,24.26,24.26,24.26,000,24.26
2015-03-19,24.24,24.24,24.24,24.24,000,24.24
2015-03-18,24.27,24.27,24.27,24.27,000,24.27
2015-03-17,24.120001,24.120001,24.120001,24.120001,000,24.120001
2015-03-16,24.16,24.16,24.16,24.16,000,24.16
2015-03-13,24.17,24.17,24.17,24.17,000,24.17
2015-03-12,24.200001,24.200001,24.200001,24.200001,000,24.200001
2015-03-11,24.209999,24.209999,24.209999,24.209999,000,24.209999
2015-03-10,24.209999,24.209999,24.209999,24.209999,000,24.209999
2015-03-09,24.23,24.23,24.23,24.23,000,24.23
2015-03-06,24.25,24.25,24.25,24.25,000,24.25
2015-03-05,24.309999,24.309999,24.309999,24.309999,000,24.309999
2015-03-04,24.34,24.34,24.34,24.34,000,24.34
2015-03-03,24.33,24.33,24.33,24.33,000,24.33
2015-03-02,24.309999,24.309999,24.309999,24.309999,000,24.309999
2015-02-27,24.379999,24.379999,24.379999,24.379999,000,24.379999
2015-02-26,24.309999,24.309999,24.309999,24.309999,000,24.309999
2015-02-25,24.299999,24.299999,24.299999,24.299999,000,24.299999
2015-02-24,24.27,24.27,24.27,24.27,000,24.27
2015-02-23,24.24,24.24,24.24,24.24,000,24.24
2015-02-20,24.24,24.24,24.24,24.24,000,24.24
2015-02-19,24.25,24.25,24.25,24.25,000,24.25
2015-02-18,24.27,24.27,24.27,24.27,000,24.27
2015-02-17,24.24,24.24,24.24,24.24,000,24.24
2015-02-13,24.280001,24.280001,24.280001,24.280001,000,24.280001
2015-02-12,24.280001,24.280001,24.280001,24.280001,000,24.280001
2015-02-11,24.27,24.27,24.27,24.27,000,24.27
2015-02-10,24.280001,24.280001,24.280001,24.280001,000,24.280001
2015-02-09,24.32,24.32,24.32,24.32,000,24.32
2015-02-06,24.34,24.34,24.34,24.34,000,24.34
2015-02-05,24.42,24.42,24.42,24.42,000,24.42
2015-02-04,24.440001,24.440001,24.440001,24.440001,000,24.440001
2015-02-03,24.459999,24.459999,24.459999,24.459999,000,24.459999
2015-02-02,24.440001,24.440001,24.440001,24.440001,000,24.440001
2015-01-30,24.43,24.43,24.43,24.43,000,24.43
2015-01-29,24.370001,24.370001,24.370001,24.370001,000,24.370001
2015-01-28,24.370001,24.370001,24.370001,24.370001,000,24.370001
2015-01-27,24.360001,24.360001,24.360001,24.360001,000,24.360001
2015-01-26,24.309999,24.309999,24.309999,24.309999,000,24.309999
2015-01-23,24.32,24.32,24.32,24.32,000,24.32
2015-01-22,24.280001,24.280001,24.280001,24.280001,000,24.280001
2015-01-21,24.290001,24.290001,24.290001,24.290001,000,24.290001
2015-01-20,24.299999,24.299999,24.299999,24.299999,000,24.299999
2015-01-16,24.32,24.32,24.32,24.32,000,24.32
2015-01-15,24.35,24.35,24.35,24.35,000,24.35
2015-01-14,24.27,24.27,24.27,24.27,000,24.27
2015-01-13,24.219999,24.219999,24.219999,24.219999,000,24.219999
2015-01-12,24.23,24.23,24.23,24.23,000,24.23
2015-01-09,24.25,24.25,24.25,24.25,000,24.25
2015-01-08,24.219999,24.219999,24.219999,24.219999,000,24.219999
2015-01-07,24.200001,24.200001,24.200001,24.200001,000,24.200001
2015-01-06,24.16,24.16,24.16,24.16,000,24.16
2015-01-05,24.200001,24.200001,24.200001,24.200001,000,24.200001
2015-01-02,24.24,24.24,24.24,24.24,000,24.24
2014-12-31,24.209999,24.209999,24.209999,24.209999,000,24.209999
2014-12-30,24.18,24.18,24.18,24.18,000,24.18
2014-12-29,24.17,24.17,24.17,24.17,000,24.17
2014-12-26,24.17,24.17,24.17,24.17,000,24.17
2014-12-24,24.18,24.18,24.18,24.18,000,24.18
2014-12-23,24.190001,24.190001,24.190001,24.190001,000,24.190001
2014-12-22,24.219999,24.219999,24.219999,24.219999,000,24.219999
2014-12-19,24.219999,24.219999,24.219999,24.219999,000,24.219999
2014-12-18,24.200001,24.200001,24.200001,24.200001,000,24.200001
2014-12-17,24.23,24.23,24.23,24.23,000,24.23
2014-12-16,24.50,24.50,24.50,24.50,000,24.295
2014-12-15,24.469999,24.469999,24.469999,24.469999,000,24.26525
2014-12-12,24.530001,24.530001,24.530001,24.530001,000,24.324749
2014-12-11,24.549999,24.549999,24.549999,24.549999,000,24.344581
2014-12-10,24.59,24.59,24.59,24.59,000,24.384247
2014-12-09,24.59,24.59,24.59,24.59,000,24.384247
2014-12-08,24.559999,24.559999,24.559999,24.559999,000,24.354497
2014-12-05,24.59,24.59,24.59,24.59,000,24.384247
2014-12-04,24.66,24.66,24.66,24.66,000,24.453661
2014-12-03,24.66,24.66,24.66,24.66,000,24.453661
2014-12-02,24.66,24.66,24.66,24.66,000,24.453661
2014-12-01,24.719999,24.719999,24.719999,24.719999,000,24.513158
2014-11-28,24.73,24.73,24.73,24.73,000,24.523075
2014-11-26,24.76,24.76,24.76,24.76,000,24.552824
2014-11-25,24.76,24.76,24.76,24.76,000,24.552824
2014-11-24,24.780001,24.780001,24.780001,24.780001,000,24.572658
2014-11-21,24.780001,24.780001,24.780001,24.780001,000,24.572658
2014-11-20,24.76,24.76,24.76,24.76,000,24.552824
2014-11-19,24.73,24.73,24.73,24.73,000,24.523075
2014-11-18,24.77,24.77,24.77,24.77,000,24.562741
2014-11-17,24.77,24.77,24.77,24.77,000,24.562741
2014-11-14,24.780001,24.780001,24.780001,24.780001,000,24.572658
2014-11-13,24.76,24.76,24.76,24.76,000,24.552824
2014-11-12,24.790001,24.790001,24.790001,24.790001,000,24.582574
2014-11-11,24.790001,24.790001,24.790001,24.790001,000,24.582574
2014-11-10,24.799999,24.799999,24.799999,24.799999,000,24.592489
2014-11-07,24.82,24.82,24.82,24.82,000,24.612322
2014-11-06,24.77,24.77,24.77,24.77,000,24.562741
2014-11-05,24.780001,24.780001,24.780001,24.780001,000,24.572658
2014-11-04,24.76,24.76,24.76,24.76,000,24.552824
2014-11-03,24.77,24.77,24.77,24.77,000,24.562741
2014-10-31,24.780001,24.780001,24.780001,24.780001,000,24.572658
2014-10-30,24.77,24.77,24.77,24.77,000,24.562741
2014-10-29,24.77,24.77,24.77,24.77,000,24.562741
2014-10-28,24.799999,24.799999,24.799999,24.799999,000,24.592489
2014-10-27,24.799999,24.799999,24.799999,24.799999,000,24.592489
2014-10-24,24.799999,24.799999,24.799999,24.799999,000,24.592489
2014-10-23,24.799999,24.799999,24.799999,24.799999,000,24.592489
2014-10-22,24.83,24.83,24.83,24.83,000,24.622238
2014-10-21,24.83,24.83,24.83,24.83,000,24.622238
2014-10-20,24.84,24.84,24.84,24.84,000,24.632155
2014-10-17,24.84,24.84,24.84,24.84,000,24.632155
2014-10-16,24.83,24.83,24.83,24.83,000,24.622238
2014-10-15,24.83,24.83,24.83,24.83,000,24.622238
2014-10-14,24.84,24.84,24.84,24.84,000,24.632155
2014-10-13,24.860001,24.860001,24.860001,24.860001,000,24.651988
2014-10-10,24.860001,24.860001,24.860001,24.860001,000,24.651988
2014-10-09,24.85,24.85,24.85,24.85,000,24.642071
2014-10-08,24.879999,24.879999,24.879999,24.879999,000,24.671819
2014-10-07,24.809999,24.809999,24.809999,24.809999,000,24.602405
2014-10-06,24.790001,24.790001,24.790001,24.790001,000,24.582574
2014-10-03,24.77,24.77,24.77,24.77,000,24.562741
2014-10-02,24.809999,24.809999,24.809999,24.809999,000,24.602405
2014-10-01,24.84,24.84,24.84,24.84,000,24.632155
2014-09-30,24.780001,24.780001,24.780001,24.780001,000,24.572658
2014-09-29,24.799999,24.799999,24.799999,24.799999,000,24.592489
2014-09-26,24.790001,24.790001,24.790001,24.790001,000,24.582574
2014-09-25,24.83,24.83,24.83,24.83,000,24.622238
2014-09-24,24.799999,24.799999,24.799999,24.799999,000,24.592489
2014-09-23,24.799999,24.799999,24.799999,24.799999,000,24.592489
2014-09-22,24.77,24.77,24.77,24.77,000,24.562741
2014-09-19,24.77,24.77,24.77,24.77,000,24.562741
2014-09-18,24.77,24.77,24.77,24.77,000,24.562741
2014-09-17,24.799999,24.799999,24.799999,24.799999,000,24.592489
2014-09-16,24.90,24.90,24.90,24.90,000,24.691652
2014-09-15,24.90,24.90,24.90,24.90,000,24.691652
2014-09-12,24.879999,24.879999,24.879999,24.879999,000,24.671819
2014-09-11,24.889999,24.889999,24.889999,24.889999,000,24.681736
2014-09-10,24.879999,24.879999,24.879999,24.879999,000,24.671819
2014-09-09,24.91,24.91,24.91,24.91,000,24.701569
2014-09-08,24.940001,24.940001,24.940001,24.940001,000,24.731319
2014-09-05,24.98,24.98,24.98,24.98,000,24.770983
2014-09-04,24.98,24.98,24.98,24.98,000,24.770983
2014-09-03,24.99,24.99,24.99,24.99,000,24.780899
2014-09-02,24.98,24.98,24.98,24.98,000,24.770983
2014-08-29,25.01,25.01,25.01,25.01,000,24.800733
2014-08-28,25.02,25.02,25.02,25.02,000,24.810649
2014-08-27,25.02,25.02,25.02,25.02,000,24.810649
2014-08-26,25.01,25.01,25.01,25.01,000,24.800733
2014-08-25,25.00,25.00,25.00,25.00,000,24.790816
2014-08-22,25.00,25.00,25.00,25.00,000,24.790816
2014-08-21,25.02,25.02,25.02,25.02,000,24.810649
2014-08-20,25.01,25.01,25.01,25.01,000,24.800733
2014-08-19,25.049999,25.049999,25.049999,25.049999,000,24.840397
2014-08-18,25.059999,25.059999,25.059999,25.059999,000,24.850313
2014-08-15,25.08,25.08,25.08,25.08,000,24.870147
2014-08-14,25.09,25.09,25.09,25.09,000,24.880063
2014-08-13,25.120001,25.120001,25.120001,25.120001,000,24.909813
2014-08-12,25.09,25.09,25.09,25.09,000,24.880063
2014-08-11,25.09,25.09,25.09,25.09,000,24.880063
2014-08-08,25.08,25.08,25.08,25.08,000,24.870147
2014-08-07,25.10,25.10,25.10,25.10,000,24.88998
2014-08-06,25.07,25.07,25.07,25.07,000,24.86023
2014-08-05,25.07,25.07,25.07,25.07,000,24.86023
2014-08-04,25.07,25.07,25.07,25.07,000,24.86023
2014-08-01,25.08,25.08,25.08,25.08,000,24.870147
2014-07-31,25.059999,25.059999,25.059999,25.059999,000,24.850313
2014-07-30,25.049999,25.049999,25.049999,25.049999,000,24.840397
2014-07-29,25.08,25.08,25.08,25.08,000,24.870147
2014-07-28,25.07,25.07,25.07,25.07,000,24.86023
2014-07-25,25.07,25.07,25.07,25.07,000,24.86023
2014-07-24,25.049999,25.049999,25.049999,25.049999,000,24.840397
2014-07-23,25.07,25.07,25.07,25.07,000,24.86023
2014-07-22,25.07,25.07,25.07,25.07,000,24.86023
2014-07-21,25.09,25.09,25.09,25.09,000,24.880063
2014-07-18,25.08,25.08,25.08,25.08,000,24.870147
2014-07-17,25.110001,25.110001,25.110001,25.110001,000,24.899896
2014-07-16,25.059999,25.059999,25.059999,25.059999,000,24.850313
2014-07-15,25.07,25.07,25.07,25.07,000,24.86023
2014-07-14,25.10,25.10,25.10,25.10,000,24.88998
2014-07-11,25.120001,25.120001,25.120001,25.120001,000,24.909813
2014-07-10,25.120001,25.120001,25.120001,25.120001,000,24.909813
2014-07-09,25.110001,25.110001,25.110001,25.110001,000,24.899896
2014-07-08,25.10,25.10,25.10,25.10,000,24.88998
2014-07-07,25.10,25.10,25.10,25.10,000,24.88998
2014-07-03,25.09,25.09,25.09,25.09,000,24.880063
2014-07-02,25.10,25.10,25.10,25.10,000,24.88998
2014-07-01,25.120001,25.120001,25.120001,25.120001,000,24.909813
2014-06-30,25.129999,25.129999,25.129999,25.129999,000,24.919727
2014-06-27,25.129999,25.129999,25.129999,25.129999,000,24.919727
2014-06-26,25.120001,25.120001,25.120001,25.120001,000,24.909813
2014-06-25,25.110001,25.110001,25.110001,25.110001,000,24.899896
2014-06-24,25.120001,25.120001,25.120001,25.120001,000,24.909813
2014-06-23,25.10,25.10,25.10,25.10,000,24.88998
2014-06-20,25.10,25.10,25.10,25.10,000,24.88998
2014-06-19,25.09,25.09,25.09,25.09,000,24.880063
2014-06-18,25.07,25.07,25.07,25.07,000,24.86023
2014-06-17,25.02,25.02,25.02,25.02,000,24.810649
2014-06-16,25.01,25.01,25.01,25.01,000,24.800733
2014-06-13,25.01,25.01,25.01,25.01,000,24.800733
2014-06-12,25.049999,25.049999,25.049999,25.049999,000,24.840397
2014-06-11,25.01,25.01,25.01,25.01,000,24.800733
2014-06-10,25.00,25.00,25.00,25.00,000,24.790816
2014-06-09,25.01,25.01,25.01,25.01,000,24.800733
2014-06-06,25.00,25.00,25.00,25.00,000,24.790816
2014-06-05,25.02,25.02,25.02,25.02,000,24.810649
2014-06-04,24.99,24.99,24.99,24.99,000,24.780899
2014-06-03,24.99,24.99,24.99,24.99,000,24.780899
2014-06-02,25.02,25.02,25.02,25.02,000,24.810649
2014-05-30,25.049999,25.049999,25.049999,25.049999,000,24.840397
2014-05-29,25.07,25.07,25.07,25.07,000,24.86023
2014-05-28,25.07,25.07,25.07,25.07,000,24.86023
2014-05-27,25.049999,25.049999,25.049999,25.049999,000,24.840397
2014-05-23,25.040001,25.040001,25.040001,25.040001,000,24.830482
2014-05-22,25.049999,25.049999,25.049999,25.049999,000,24.840397
2014-05-21,25.030001,25.030001,25.030001,25.030001,000,24.820566
2014-05-20,25.02,25.02,25.02,25.02,000,24.810649
2014-05-19,25.01,25.01,25.01,25.01,000,24.800733
2014-05-16,24.99,24.99,24.99,24.99,000,24.780899
2014-05-15,25.01,25.01,25.01,25.01,000,24.800733
2014-05-14,24.98,24.98,24.98,24.98,000,24.770983
2014-05-13,24.93,24.93,24.93,24.93,000,24.721402
2014-05-12,24.91,24.91,24.91,24.91,000,24.701569
2014-05-09,24.91,24.91,24.91,24.91,000,24.701569
2014-05-08,24.92,24.92,24.92,24.92,000,24.711485
2014-05-07,24.90,24.90,24.90,24.90,000,24.691652
2014-05-06,24.879999,24.879999,24.879999,24.879999,000,24.671819
2014-05-05,24.889999,24.889999,24.889999,24.889999,000,24.681736
2014-05-02,24.889999,24.889999,24.889999,24.889999,000,24.681736
2014-05-01,24.889999,24.889999,24.889999,24.889999,000,24.681736
2014-04-30,24.879999,24.879999,24.879999,24.879999,000,24.671819
2014-04-29,24.85,24.85,24.85,24.85,000,24.642071
2014-04-28,24.85,24.85,24.85,24.85,000,24.642071
2014-04-25,24.860001,24.860001,24.860001,24.860001,000,24.651988
2014-04-24,24.870001,24.870001,24.870001,24.870001,000,24.661905
2014-04-23,24.860001,24.860001,24.860001,24.860001,000,24.651988
2014-04-22,24.85,24.85,24.85,24.85,000,24.642071
2014-04-21,24.860001,24.860001,24.860001,24.860001,000,24.651988
2014-04-17,24.83,24.83,24.83,24.83,000,24.622238
2014-04-16,24.83,24.83,24.83,24.83,000,24.622238
2014-04-15,24.83,24.83,24.83,24.83,000,24.622238
2014-04-14,24.809999,24.809999,24.809999,24.809999,000,24.602405
2014-04-11,24.82,24.82,24.82,24.82,000,24.612322
2014-04-10,24.809999,24.809999,24.809999,24.809999,000,24.602405
2014-04-09,24.790001,24.790001,24.790001,24.790001,000,24.582574
2014-04-08,24.76,24.76,24.76,24.76,000,24.552824
2014-04-07,24.75,24.75,24.75,24.75,000,24.542908
2014-04-04,24.74,24.74,24.74,24.74,000,24.532991
2014-04-03,24.719999,24.719999,24.719999,24.719999,000,24.513158
2014-04-02,24.709999,24.709999,24.709999,24.709999,000,24.503242
2014-04-01,24.74,24.74,24.74,24.74,000,24.532991
2014-03-31,24.75,24.75,24.75,24.75,000,24.542908
2014-03-28,24.719999,24.719999,24.719999,24.719999,000,24.513158
2014-03-27,24.73,24.73,24.73,24.73,000,24.523075
2014-03-26,24.73,24.73,24.73,24.73,000,24.523075
2014-03-25,24.700001,24.700001,24.700001,24.700001,000,24.493327
2014-03-24,24.709999,24.709999,24.709999,24.709999,000,24.503242
2014-03-21,24.709999,24.709999,24.709999,24.709999,000,24.503242
2014-03-20,24.709999,24.709999,24.709999,24.709999,000,24.503242
2014-03-19,24.74,24.74,24.74,24.74,000,24.532991
2014-03-18,24.84,24.84,24.84,24.84,000,24.632155
2014-03-17,24.84,24.84,24.84,24.84,000,24.632155
2014-03-14,24.85,24.85,24.85,24.85,000,24.642071
2014-03-13,24.860001,24.860001,24.860001,24.860001,000,24.651988
2014-03-12,24.85,24.85,24.85,24.85,000,24.642071
2014-03-11,24.84,24.84,24.84,24.84,000,24.632155
2014-03-10,24.84,24.84,24.84,24.84,000,24.632155
2014-03-07,24.83,24.83,24.83,24.83,000,24.622238
2014-03-06,24.85,24.85,24.85,24.85,000,24.642071
2014-03-05,24.860001,24.860001,24.860001,24.860001,000,24.651988
2014-03-04,24.85,24.85,24.85,24.85,000,24.642071
2014-03-03,24.889999,24.889999,24.889999,24.889999,000,24.681736
2014-02-28,24.84,24.84,24.84,24.84,000,24.632155
2014-02-27,24.85,24.85,24.85,24.85,000,24.642071
2014-02-26,24.85,24.85,24.85,24.85,000,24.642071
2014-02-25,24.83,24.83,24.83,24.83,000,24.622238
2014-02-24,24.799999,24.799999,24.799999,24.799999,000,24.592489
2014-02-21,24.799999,24.799999,24.799999,24.799999,000,24.592489
2014-02-20,24.799999,24.799999,24.799999,24.799999,000,24.592489
2014-02-19,24.809999,24.809999,24.809999,24.809999,000,24.602405
2014-02-18,24.84,24.84,24.84,24.84,000,24.632155
2014-02-14,24.809999,24.809999,24.809999,24.809999,000,24.602405
2014-02-13,24.82,24.82,24.82,24.82,000,24.612322
2014-02-12,24.799999,24.799999,24.799999,24.799999,000,24.592489
2014-02-11,24.809999,24.809999,24.809999,24.809999,000,24.602405
2014-02-10,24.84,24.84,24.84,24.84,000,24.632155
2014-02-07,24.83,24.83,24.83,24.83,000,24.622238
2014-02-06,24.799999,24.799999,24.799999,24.799999,000,24.592489
2014-02-05,24.790001,24.790001,24.790001,24.790001,000,24.582574
2014-02-04,24.799999,24.799999,24.799999,24.799999,000,24.592489
2014-02-03,24.82,24.82,24.82,24.82,000,24.612322
2014-01-31,24.790001,24.790001,24.790001,24.790001,000,24.582574
2014-01-30,24.77,24.77,24.77,24.77,000,24.562741
2014-01-29,24.77,24.77,24.77,24.77,000,24.562741
2014-01-28,24.75,24.75,24.75,24.75,000,24.542908
2014-01-27,24.73,24.73,24.73,24.73,000,24.523075
2014-01-24,24.75,24.75,24.75,24.75,000,24.542908
2014-01-23,24.74,24.74,24.74,24.74,000,24.532991
2014-01-22,24.700001,24.700001,24.700001,24.700001,000,24.493327
2014-01-21,24.709999,24.709999,24.709999,24.709999,000,24.503242
2014-01-17,24.73,24.73,24.73,24.73,000,24.523075
2014-01-16,24.719999,24.719999,24.719999,24.719999,000,24.513158
2014-01-15,24.73,24.73,24.73,24.73,000,24.523075
2014-01-14,24.74,24.74,24.74,24.74,000,24.532991
2014-01-13,24.77,24.77,24.77,24.77,000,24.562741
2014-01-10,24.76,24.76,24.76,24.76,000,24.552824
2014-01-09,24.73,24.73,24.73,24.73,000,24.523075
2014-01-08,24.709999,24.709999,24.709999,24.709999,000,24.503242
2014-01-07,24.74,24.74,24.74,24.74,000,24.532991
2014-01-06,24.73,24.73,24.73,24.73,000,24.523075
2014-01-03,24.709999,24.709999,24.709999,24.709999,000,24.503242
2014-01-02,24.73,24.73,24.73,24.73,000,24.523075
2013-12-31,24.700001,24.700001,24.700001,24.700001,000,24.493327
2013-12-30,24.700001,24.700001,24.700001,24.700001,000,24.493327
2013-12-27,24.690001,24.690001,24.690001,24.690001,000,24.48341
2013-12-26,24.690001,24.690001,24.690001,24.690001,000,24.48341
2013-12-24,24.68,24.68,24.68,24.68,000,24.473494
2013-12-23,24.700001,24.700001,24.700001,24.700001,000,24.493327
2013-12-20,24.700001,24.700001,24.700001,24.700001,000,24.493327
2013-12-19,24.709999,24.709999,24.709999,24.709999,000,24.503242
2013-12-18,24.76,24.76,24.76,24.76,000,24.536958
2013-12-17,24.77,24.77,24.77,24.77,000,24.546868
2013-12-16,24.76,24.76,24.76,24.76,000,24.536958
2013-12-13,24.74,24.74,24.74,24.74,000,24.517138
2013-12-12,24.73,24.73,24.73,24.73,000,24.507228
2013-12-11,24.75,24.75,24.75,24.75,000,24.527048
2013-12-10,24.77,24.77,24.77,24.77,000,24.546868
2013-12-09,24.75,24.75,24.75,24.75,000,24.527048
2013-12-06,24.76,24.76,24.76,24.76,000,24.536958
2013-12-05,24.76,24.76,24.76,24.76,000,24.536958
2013-12-04,24.77,24.77,24.77,24.77,000,24.546868
2013-12-03,24.790001,24.790001,24.790001,24.790001,000,24.566688
2013-12-02,24.790001,24.790001,24.790001,24.790001,000,24.566688
2013-11-29,24.809999,24.809999,24.809999,24.809999,000,24.586507
2013-11-27,24.83,24.83,24.83,24.83,000,24.606327
2013-11-26,24.84,24.84,24.84,24.84,000,24.616237
2013-11-25,24.84,24.84,24.84,24.84,000,24.616237
2013-11-22,24.85,24.85,24.85,24.85,000,24.626147
2013-11-21,24.85,24.85,24.85,24.85,000,24.626147
2013-11-20,24.82,24.82,24.82,24.82,000,24.596417
2013-11-19,24.84,24.84,24.84,24.84,000,24.616237
2013-11-18,24.889999,24.889999,24.889999,24.889999,000,24.665786
2013-11-15,24.860001,24.860001,24.860001,24.860001,000,24.636058
2013-11-14,24.870001,24.870001,24.870001,24.870001,000,24.645968
2013-11-13,24.83,24.83,24.83,24.83,000,24.606327
2013-11-12,24.790001,24.790001,24.790001,24.790001,000,24.566688
2013-11-11,24.799999,24.799999,24.799999,24.799999,000,24.576597
2013-11-08,24.790001,24.790001,24.790001,24.790001,000,24.566688
2013-11-07,24.83,24.83,24.83,24.83,000,24.606327
2013-11-06,24.84,24.84,24.84,24.84,000,24.616237
2013-11-05,24.780001,24.780001,24.780001,24.780001,000,24.556778
2013-11-04,24.790001,24.790001,24.790001,24.790001,000,24.566688
2013-11-01,24.77,24.77,24.77,24.77,000,24.546868
2013-10-31,24.82,24.82,24.82,24.82,000,24.596417
2013-10-30,24.85,24.85,24.85,24.85,000,24.626147
2013-10-29,24.85,24.85,24.85,24.85,000,24.626147
2013-10-28,24.860001,24.860001,24.860001,24.860001,000,24.636058
2013-10-25,24.85,24.85,24.85,24.85,000,24.626147
2013-10-24,24.84,24.84,24.84,24.84,000,24.616237
2013-10-23,24.83,24.83,24.83,24.83,000,24.606327
2013-10-22,24.860001,24.860001,24.860001,24.860001,000,24.636058
2013-10-21,24.84,24.84,24.84,24.84,000,24.616237
2013-10-18,24.84,24.84,24.84,24.84,000,24.616237
2013-10-17,24.84,24.84,24.84,24.84,000,24.616237
2013-10-16,24.83,24.83,24.83,24.83,000,24.606327
2013-10-15,24.799999,24.799999,24.799999,24.799999,000,24.576597
2013-10-14,24.799999,24.799999,24.799999,24.799999,000,24.576597
2013-10-11,24.799999,24.799999,24.799999,24.799999,000,24.576597
2013-10-10,24.809999,24.809999,24.809999,24.809999,000,24.586507
2013-10-09,24.780001,24.780001,24.780001,24.780001,000,24.556778
2013-10-08,24.77,24.77,24.77,24.77,000,24.546868
2013-10-07,24.799999,24.799999,24.799999,24.799999,000,24.576597
2013-10-04,24.799999,24.799999,24.799999,24.799999,000,24.576597
2013-10-03,24.809999,24.809999,24.809999,24.809999,000,24.586507
2013-10-02,24.809999,24.809999,24.809999,24.809999,000,24.586507
2013-10-01,24.77,24.77,24.77,24.77,000,24.546868
2013-09-30,24.77,24.77,24.77,24.77,000,24.546868
2013-09-27,24.77,24.77,24.77,24.77,000,24.546868
2013-09-26,24.77,24.77,24.77,24.77,000,24.546868
2013-09-25,24.780001,24.780001,24.780001,24.780001,000,24.556778
2013-09-24,24.77,24.77,24.77,24.77,000,24.546868
2013-09-23,24.790001,24.790001,24.790001,24.790001,000,24.566688
2013-09-20,24.780001,24.780001,24.780001,24.780001,000,24.556778
2013-09-19,24.780001,24.780001,24.780001,24.780001,000,24.556778
2013-09-18,24.809999,24.809999,24.809999,24.809999,000,24.586507
2013-09-17,24.690001,24.690001,24.690001,24.690001,000,24.467589
2013-09-16,24.67,24.67,24.67,24.67,000,24.447769
2013-09-13,24.629999,24.629999,24.629999,24.629999,000,24.408128
2013-09-12,24.629999,24.629999,24.629999,24.629999,000,24.408128
2013-09-11,24.620001,24.620001,24.620001,24.620001,000,24.39822
2013-09-10,24.559999,24.559999,24.559999,24.559999,000,24.338759
2013-09-09,24.59,24.59,24.59,24.59,000,24.368489
2013-09-06,24.57,24.57,24.57,24.57,000,24.348669
2013-09-05,24.51,24.51,24.51,24.51,000,24.28921
2013-09-04,24.59,24.59,24.59,24.59,000,24.368489
2013-09-03,24.65,24.65,24.65,24.65,000,24.427948
2013-08-30,24.66,24.66,24.66,24.66,000,24.437858
2013-08-29,24.700001,24.700001,24.700001,24.700001,000,24.477499
2013-08-28,24.719999,24.719999,24.719999,24.719999,000,24.497317
2013-08-27,24.74,24.74,24.74,24.74,000,24.517138
2013-08-26,24.690001,24.690001,24.690001,24.690001,000,24.467589
2013-08-23,24.65,24.65,24.65,24.65,000,24.427948
2013-08-22,24.59,24.59,24.59,24.59,000,24.368489
2013-08-21,24.620001,24.620001,24.620001,24.620001,000,24.39822
2013-08-20,24.68,24.68,24.68,24.68,000,24.457679
2013-08-19,24.629999,24.629999,24.629999,24.629999,000,24.408128
2013-08-16,24.66,24.66,24.66,24.66,000,24.437858
2013-08-15,24.700001,24.700001,24.700001,24.700001,000,24.477499
2013-08-14,24.75,24.75,24.75,24.75,000,24.527048
2013-08-13,24.780001,24.780001,24.780001,24.780001,000,24.556778
2013-08-12,24.82,24.82,24.82,24.82,000,24.596417
2013-08-09,24.82,24.82,24.82,24.82,000,24.596417
2013-08-08,24.82,24.82,24.82,24.82,000,24.596417
2013-08-07,24.83,24.83,24.83,24.83,000,24.606327
2013-08-06,24.84,24.84,24.84,24.84,000,24.616237
2013-08-05,24.83,24.83,24.83,24.83,000,24.606327
2013-08-02,24.83,24.83,24.83,24.83,000,24.606327
2013-08-01,24.790001,24.790001,24.790001,24.790001,000,24.566688
2013-07-31,24.790001,24.790001,24.790001,24.790001,000,24.566688
2013-07-30,24.75,24.75,24.75,24.75,000,24.527048
2013-07-29,24.75,24.75,24.75,24.75,000,24.527048
2013-07-26,24.76,24.76,24.76,24.76,000,24.536958
2013-07-25,24.76,24.76,24.76,24.76,000,24.536958
2013-07-24,24.77,24.77,24.77,24.77,000,24.546868
2013-07-23,24.82,24.82,24.82,24.82,000,24.596417
2013-07-22,24.84,24.84,24.84,24.84,000,24.616237
2013-07-19,24.85,24.85,24.85,24.85,000,24.626147
2013-07-18,24.82,24.82,24.82,24.82,000,24.596417
2013-07-17,24.85,24.85,24.85,24.85,000,24.626147
2013-07-16,24.82,24.82,24.82,24.82,000,24.596417
2013-07-15,24.799999,24.799999,24.799999,24.799999,000,24.576597
2013-07-12,24.76,24.76,24.76,24.76,000,24.536958
2013-07-11,24.76,24.76,24.76,24.76,000,24.536958
2013-07-10,24.709999,24.709999,24.709999,24.709999,000,24.487407
2013-07-09,24.719999,24.719999,24.719999,24.719999,000,24.497317
2013-07-08,24.709999,24.709999,24.709999,24.709999,000,24.487407
2013-07-05,24.65,24.65,24.65,24.65,000,24.427948
2013-07-03,24.690001,24.690001,24.690001,24.690001,000,24.467589
2013-07-02,24.700001,24.700001,24.700001,24.700001,000,24.477499
2013-07-01,24.66,24.66,24.66,24.66,000,24.437858
2013-06-28,24.629999,24.629999,24.629999,24.629999,000,24.408128
2013-06-27,24.60,24.60,24.60,24.60,000,24.378399
2013-06-26,24.52,24.52,24.52,24.52,000,24.29912
2013-06-25,24.48,24.48,24.48,24.48,000,24.25948
2013-06-24,24.459999,24.459999,24.459999,24.459999,000,24.239659
2013-06-21,24.51,24.51,24.51,24.51,000,24.28921
2013-06-20,24.65,24.65,24.65,24.65,000,24.427948
2013-06-19,24.73,24.73,24.73,24.73,000,24.507228
2013-06-18,24.82,24.82,24.82,24.82,000,24.596417
2013-06-17,24.790001,24.790001,24.790001,24.790001,000,24.566688
2013-06-14,24.809999,24.809999,24.809999,24.809999,000,24.586507
2013-06-13,24.790001,24.790001,24.790001,24.790001,000,24.566688
2013-06-12,24.75,24.75,24.75,24.75,000,24.527048
2013-06-11,24.780001,24.780001,24.780001,24.780001,000,24.556778
2013-06-10,24.809999,24.809999,24.809999,24.809999,000,24.586507
2013-06-07,24.83,24.83,24.83,24.83,000,24.606327
2013-06-06,24.870001,24.870001,24.870001,24.870001,000,24.645968
2013-06-05,24.870001,24.870001,24.870001,24.870001,000,24.645968
2013-06-04,24.879999,24.879999,24.879999,24.879999,000,24.655876
2013-06-03,24.879999,24.879999,24.879999,24.879999,000,24.655876
2013-05-31,24.870001,24.870001,24.870001,24.870001,000,24.645968
2013-05-30,24.860001,24.860001,24.860001,24.860001,000,24.636058
2013-05-29,24.90,24.90,24.90,24.90,000,24.675696
2013-05-28,24.92,24.92,24.92,24.92,000,24.695516
2013-05-24,24.950001,24.950001,24.950001,24.950001,000,24.725247
2013-05-23,24.950001,24.950001,24.950001,24.950001,000,24.725247
2013-05-22,24.969999,24.969999,24.969999,24.969999,000,24.745065
2013-05-21,25.02,25.02,25.02,25.02,000,24.794616
2013-05-20,25.01,25.01,25.01,25.01,000,24.784706
2013-05-17,25.01,25.01,25.01,25.01,000,24.784706
2013-05-16,25.030001,25.030001,25.030001,25.030001,000,24.804526
2013-05-15,25.040001,25.040001,25.040001,25.040001,000,24.814436
2013-05-14,25.040001,25.040001,25.040001,25.040001,000,24.814436
2013-05-13,25.049999,25.049999,25.049999,25.049999,000,24.824345
2013-05-10,25.07,25.07,25.07,25.07,000,24.844165
2013-05-09,25.09,25.09,25.09,25.09,000,24.863985
2013-05-08,25.10,25.10,25.10,25.10,000,24.873895
2013-05-07,25.110001,25.110001,25.110001,25.110001,000,24.883805
2013-05-06,25.10,25.10,25.10,25.10,000,24.873895
2013-05-03,25.09,25.09,25.09,25.09,000,24.863985
2013-05-02,25.08,25.08,25.08,25.08,000,24.854075
2013-05-01,25.08,25.08,25.08,25.08,000,24.854075
2013-04-30,25.110001,25.110001,25.110001,25.110001,000,24.883805
2013-04-29,25.139999,25.139999,25.139999,25.139999,000,24.913534
2013-04-26,25.129999,25.129999,25.129999,25.129999,000,24.903624
2013-04-25,25.129999,25.129999,25.129999,25.129999,000,24.903624
2013-04-24,25.09,25.09,25.09,25.09,000,24.863985
2013-04-23,25.07,25.07,25.07,25.07,000,24.844165
2013-04-22,25.08,25.08,25.08,25.08,000,24.854075
2013-04-19,25.049999,25.049999,25.049999,25.049999,000,24.824345
2013-04-18,25.030001,25.030001,25.030001,25.030001,000,24.804526
2013-04-17,25.10,25.10,25.10,25.10,000,24.873895
2013-04-16,25.129999,25.129999,25.129999,25.129999,000,24.903624
2013-04-15,25.129999,25.129999,25.129999,25.129999,000,24.903624
2013-04-12,25.16,25.16,25.16,25.16,000,24.933354
2013-04-11,25.17,25.17,25.17,25.17,000,24.943264
2013-04-10,25.16,25.16,25.16,25.16,000,24.933354
2013-04-09,25.18,25.18,25.18,25.18,000,24.953175
2013-04-08,25.200001,25.200001,25.200001,25.200001,000,24.972995
2013-04-05,25.200001,25.200001,25.200001,25.200001,000,24.972995
2013-04-04,25.23,25.23,25.23,25.23,000,25.002723
2013-04-03,25.219999,25.219999,25.219999,25.219999,000,24.992813
2013-04-02,25.24,25.24,25.24,25.24,000,25.012634
2013-04-01,25.24,25.24,25.24,25.24,000,25.012634
2013-03-28,25.219999,25.219999,25.219999,25.219999,000,24.992813
2013-03-27,25.219999,25.219999,25.219999,25.219999,000,24.992813
2013-03-26,25.219999,25.219999,25.219999,25.219999,000,24.992813
2013-03-25,25.219999,25.219999,25.219999,25.219999,000,24.992813
2013-03-22,25.200001,25.200001,25.200001,25.200001,000,24.972995
2013-03-21,25.200001,25.200001,25.200001,25.200001,000,24.972995
2013-03-20,25.209999,25.209999,25.209999,25.209999,000,24.982903
2013-03-19,25.219999,25.219999,25.219999,25.219999,000,24.992813
2013-03-18,25.23,25.23,25.23,25.23,000,25.002723
2013-03-15,25.23,25.23,25.23,25.23,000,25.002723
2013-03-14,25.219999,25.219999,25.219999,25.219999,000,24.992813
2013-03-13,25.190001,25.190001,25.190001,25.190001,000,24.963085
2013-03-12,25.18,25.18,25.18,25.18,000,24.953175
2013-03-11,25.17,25.17,25.17,25.17,000,24.943264
2013-03-08,25.16,25.16,25.16,25.16,000,24.933354
2013-03-07,25.16,25.16,25.16,25.16,000,24.933354
2013-03-06,25.17,25.17,25.17,25.17,000,24.943264
2013-03-05,25.18,25.18,25.18,25.18,000,24.953175
2013-03-04,25.17,25.17,25.17,25.17,000,24.943264
2013-03-01,25.17,25.17,25.17,25.17,000,24.943264
2013-02-28,25.17,25.17,25.17,25.17,000,24.943264
2013-02-27,25.16,25.16,25.16,25.16,000,24.933354
2013-02-26,25.16,25.16,25.16,25.16,000,24.933354
2013-02-25,25.18,25.18,25.18,25.18,000,24.953175
2013-02-22,25.17,25.17,25.17,25.17,000,24.943264
2013-02-21,25.15,25.15,25.15,25.15,000,24.923444
2013-02-20,25.15,25.15,25.15,25.15,000,24.923444
2013-02-19,25.15,25.15,25.15,25.15,000,24.923444
2013-02-15,25.16,25.16,25.16,25.16,000,24.933354
2013-02-14,25.18,25.18,25.18,25.18,000,24.953175
2013-02-13,25.15,25.15,25.15,25.15,000,24.923444
2013-02-12,25.16,25.16,25.16,25.16,000,24.933354
2013-02-11,25.15,25.15,25.15,25.15,000,24.923444
2013-02-08,25.17,25.17,25.17,25.17,000,24.943264
2013-02-07,25.17,25.17,25.17,25.17,000,24.943264
2013-02-06,25.18,25.18,25.18,25.18,000,24.953175
2013-02-05,25.18,25.18,25.18,25.18,000,24.953175
2013-02-04,25.18,25.18,25.18,25.18,000,24.953175
2013-02-01,25.17,25.17,25.17,25.17,000,24.943264
2013-01-31,25.16,25.16,25.16,25.16,000,24.933354
2013-01-30,25.15,25.15,25.15,25.15,000,24.923444
2013-01-29,25.110001,25.110001,25.110001,25.110001,000,24.883805
2013-01-28,25.10,25.10,25.10,25.10,000,24.873895
2013-01-25,25.110001,25.110001,25.110001,25.110001,000,24.883805
2013-01-24,25.120001,25.120001,25.120001,25.120001,000,24.893716
2013-01-23,25.120001,25.120001,25.120001,25.120001,000,24.893716
2013-01-22,25.129999,25.129999,25.129999,25.129999,000,24.903624
2013-01-18,25.120001,25.120001,25.120001,25.120001,000,24.893716
2013-01-17,25.110001,25.110001,25.110001,25.110001,000,24.883805
2013-01-16,25.120001,25.120001,25.120001,25.120001,000,24.893716
2013-01-15,25.129999,25.129999,25.129999,25.129999,000,24.903624
2013-01-14,25.120001,25.120001,25.120001,25.120001,000,24.893716
2013-01-11,25.110001,25.110001,25.110001,25.110001,000,24.883805
2013-01-10,25.110001,25.110001,25.110001,25.110001,000,24.883805
2013-01-09,25.120001,25.120001,25.120001,25.120001,000,24.893716
2013-01-08,25.10,25.10,25.10,25.10,000,24.873895
2013-01-07,25.08,25.08,25.08,25.08,000,24.854075
2013-01-04,25.08,25.08,25.08,25.08,000,24.854075
2013-01-03,25.08,25.08,25.08,25.08,000,24.854075
2013-01-02,25.10,25.10,25.10,25.10,000,24.873895
2012-12-31,25.10,25.10,25.10,25.10,000,24.873895
2012-12-28,25.10,25.10,25.10,25.10,000,24.873895
2012-12-27,25.10,25.10,25.10,25.10,000,24.873895
2012-12-26,25.10,25.10,25.10,25.10,000,24.873895
2012-12-24,25.08,25.08,25.08,25.08,000,24.854075
2012-12-21,25.09,25.09,25.09,25.09,000,24.863985
2012-12-20,25.09,25.09,25.09,25.09,000,24.863985
2012-12-19,25.09,25.09,25.09,25.09,000,24.863985
2012-12-18,25.10,25.10,25.10,25.10,000,24.84813
2012-12-17,25.10,25.10,25.10,25.10,000,24.84813
2012-12-14,25.120001,25.120001,25.120001,25.120001,000,24.86793
2012-12-13,25.139999,25.139999,25.139999,25.139999,000,24.887728
2012-12-12,25.15,25.15,25.15,25.15,000,24.897627
2012-12-11,25.139999,25.139999,25.139999,25.139999,000,24.887728
2012-12-10,25.15,25.15,25.15,25.15,000,24.897627
2012-12-07,25.15,25.15,25.15,25.15,000,24.897627
2012-12-06,25.15,25.15,25.15,25.15,000,24.897627
2012-12-05,25.139999,25.139999,25.139999,25.139999,000,24.887728
2012-12-04,25.129999,25.129999,25.129999,25.129999,000,24.877828
2012-12-03,25.129999,25.129999,25.129999,25.129999,000,24.877828
2012-11-30,25.120001,25.120001,25.120001,25.120001,000,24.86793
2012-11-29,25.10,25.10,25.10,25.10,000,24.84813
2012-11-28,25.08,25.08,25.08,25.08,000,24.82833
2012-11-27,25.08,25.08,25.08,25.08,000,24.82833
2012-11-26,25.07,25.07,25.07,25.07,000,24.81843
2012-11-23,25.040001,25.040001,25.040001,25.040001,000,24.788733
2012-11-21,25.040001,25.040001,25.040001,25.040001,000,24.788733
2012-11-20,25.049999,25.049999,25.049999,25.049999,000,24.798631
2012-11-19,25.049999,25.049999,25.049999,25.049999,000,24.798631
2012-11-16,25.040001,25.040001,25.040001,25.040001,000,24.788733
2012-11-15,25.030001,25.030001,25.030001,25.030001,000,24.778833
2012-11-14,25.030001,25.030001,25.030001,25.030001,000,24.778833
2012-11-13,25.040001,25.040001,25.040001,25.040001,000,24.788733
2012-11-12,25.040001,25.040001,25.040001,25.040001,000,24.788733
2012-11-09,25.030001,25.030001,25.030001,25.030001,000,24.778833
2012-11-08,25.049999,25.049999,25.049999,25.049999,000,24.798631
2012-11-07,25.030001,25.030001,25.030001,25.030001,000,24.778833
2012-11-06,25.02,25.02,25.02,25.02,000,24.768933
2012-11-05,25.02,25.02,25.02,25.02,000,24.768933
2012-11-02,25.02,25.02,25.02,25.02,000,24.768933
2012-11-01,25.030001,25.030001,25.030001,25.030001,000,24.778833
2012-10-31,25.02,25.02,25.02,25.02,000,24.768933
2012-10-26,24.959999,24.959999,24.959999,24.959999,000,24.709533
2012-10-25,24.950001,24.950001,24.950001,24.950001,000,24.699635
2012-10-24,24.98,24.98,24.98,24.98,000,24.729333
2012-10-23,24.99,24.99,24.99,24.99,000,24.739233
2012-10-22,25.00,25.00,25.00,25.00,000,24.749133
2012-10-19,25.00,25.00,25.00,25.00,000,24.749133
2012-10-18,25.01,25.01,25.01,25.01,000,24.759033
2012-10-17,24.99,24.99,24.99,24.99,000,24.739233
